{"cameraMode":{"drawMode":0,"name":"Shaded","section":"Shading Mode"},"sceneLighting":true,"audioPlay":false,"sceneViewState":{"m_AlwaysRefresh":false,"showFog":true,"showSkybox":true,"showFlares":true,"showImageEffects":true,"showParticleSystems":true,"showVisualEffectGraphs":true,"m_FxEnabled":false},"in2DMode":false,"pivot":{"x":19.693449020385743,"y":5.372535705566406,"z":2.159027099609375},"rotation":{"x":0.3836943209171295,"y":0.05396746098995209,"z":-0.022497354075312616,"w":0.9216254949569702},"size":21.63440704345703,"orthographic":false}