{"cameraMode":{"drawMode":0,"name":"Shaded","section":"Shading Mode"},"sceneLighting":true,"audioPlay":false,"sceneViewState":{"m_AlwaysRefresh":false,"showFog":true,"showSkybox":true,"showFlares":true,"showImageEffects":true,"showParticleSystems":true,"showVisualEffectGraphs":true,"m_FxEnabled":false},"in2DMode":false,"pivot":{"x":37.664390563964847,"y":-6.827583312988281,"z":8.452634811401368},"rotation":{"x":0.7994357347488403,"y":0.018889471888542177,"z":-0.025202853605151178,"w":0.5999459624290466},"size":34.87213897705078,"orthographic":false}