{"cameraMode":{"drawMode":0,"name":"Shaded","section":"Shading Mode"},"sceneLighting":true,"audioPlay":false,"sceneViewState":{"m_AlwaysRefresh":false,"showFog":true,"showSkybox":true,"showFlares":true,"showImageEffects":true,"showParticleSystems":true,"showVisualEffectGraphs":true,"m_FxEnabled":false},"in2DMode":false,"pivot":{"x":35.35660934448242,"y":8.158550262451172,"z":9.311702728271485},"rotation":{"x":0.39947837591171267,"y":0.015115424059331417,"z":-0.006618736311793327,"w":0.9166126251220703},"size":29.070886611938478,"orthographic":false}