{"cameraMode":{"drawMode":0,"name":"Shaded","section":"Shading Mode"},"sceneLighting":true,"audioPlay":false,"sceneViewState":{"m_AlwaysRefresh":false,"showFog":true,"showSkybox":true,"showFlares":true,"showImageEffects":true,"showParticleSystems":true,"showVisualEffectGraphs":true,"m_FxEnabled":false},"in2DMode":false,"pivot":{"x":45.483497619628909,"y":25.879409790039064,"z":7.863842010498047},"rotation":{"x":0.43173685669898989,"y":0.2013159841299057,"z":-0.0995248556137085,"w":0.8736156821250916},"size":25.396587371826173,"orthographic":false}