{"cameraMode":{"drawMode":0,"name":"Shaded","section":"Shading Mode"},"sceneLighting":true,"audioPlay":false,"sceneViewState":{"m_AlwaysRefresh":false,"showFog":true,"showSkybox":true,"showFlares":true,"showImageEffects":true,"showParticleSystems":true,"showVisualEffectGraphs":true,"m_FxEnabled":true},"in2DMode":false,"pivot":{"x":22.535076141357423,"y":-58.44532012939453,"z":20.563095092773439},"rotation":{"x":0.7102745771408081,"y":-0.003167622024193406,"z":0.0031962688080966474,"w":0.7039102911949158},"size":45.43332290649414,"orthographic":true}